1;Daniel G;GoldFish;5556901745;
3;Anne;Wright;5557410345;
4;Link;Flaute;5552323129;
5;Akane;Tendo;55591233210;
6;Antonio;Lasas;34916540145;
7;Jose;Bermejo;654987321;
8;Paco;Lopez;62456810;
9;Guillermo;Rengifo;689234750;
10;David;Serrano;675598001;
11;Jose;Tacaño;655983045;
12;Antonio;Lasas;34916540145;
13;Pedro;Camunas;34914873241;
14;Juan;Rodriguez;34912453217;
15;Javier;Villar;654865643;
16;Maria;Rodriguez;666555444;
17;Beatriz;Fernandez;698754159;
18;Victoria;Cruz;612343529;
19;Luis;Martinez;916458762;
20;Mario;Suarez;964493072;
21;Cristian;Rodrigez;916485852;
22;Francisco;Camacho;916882323;
23;Maria;Santillana;915576622;
24;Federico;Gomez;654987690;
25;Tony;Muñoz Mena;675842139;
26;Eva María;Sánchez;916877445;
27;Matías;San Martín;916544147;
28;Benito;Lopez;675432926;
29;Joseluis;Sanchez;685746512;
30;Sara;Marquez;675124537;
31;Luis;Jimenez;645925376;
32;FraÃ§ois;Toulou;(33)5120578961;
33;Pierre;Delacroux;(33)0140205050;
35;Jacob;Jones;2 9261-2433;
36;Antonio;Romero;654352981;
37;Richard;Mcain;926523468;
38;Justin;Smith;2 8005-7161;
